Páginas principales,Clics,Impresiones,CTR,Posición
https://bellandsons.com.mx/,130,1575,8.25%,6.49
https://bellandsons.com.mx/blog/lambrin-wpc-queretaro.html,82,3115,2.63%,7.83
https://bellandsons.com.mx/blog/wpc-vs-marmol-pvc.html,81,5947,1.36%,4.34
https://bellandsons.com.mx/blog/calculo-lambrin-wpc-m2.html,18,191,9.42%,3.93
https://bellandsons.com.mx/blog/lambrin-wpc-que-es-colores-usos.html,7,2018,0.35%,10.83
https://bellandsons.com.mx/blog/mantenimiento-pisos-wpc.html,3,240,1.25%,4.8
https://bellandsons.com.mx/sucursal-la-noria.html,1,157,0.64%,3.98
https://bellandsons.com.mx/catalogo/,1,138,0.72%,6.25
https://bellandsons.com.mx/cuidadoslambrin/,1,71,1.41%,6.49
https://bellandsons.com.mx/blog/tendencias-pisos-wpc-2025.html,1,55,1.82%,8.18
https://bellandsons.com.mx/sucursal-arcos.html,1,42,2.38%,6.67
https://bellandsons.com.mx/index.html,0,30,0%,11.67
https://bellandsons.com.mx/blog/,0,26,0%,5.65
https://bellandsons.com.mx/products/lambrin-wpc-color-gris-1,0,10,0%,13.6
https://bellandsons.com.mx/products/spc-flooring-abedul,0,7,0%,14.71